sentence,labeler_1_knowledge,labeler_2_knowledge,labeler_1_accuracy,labeler_2_accuracy,labeler_1_duplicate,labeler_2_duplicate,labeler_1_overlap,labeler_2_overlap
"Knowledge type: functionality
IllegalArgumentException is thrown when a condition checked by the `require` function in Kotlin evaluates to false.",1,1,1,1,1,1,0,0
"IllegalArgumentException is used to indicate that a method has been passed an illegal or inappropriate argument, such as when an operation is attempted in a fragment that is not associated with a Context.",1,1,1,1,1,1,0,0
"Knowledge type: concept
1.",0,0,0,0,0,0,0,0
IllegalArgumentException is a type of exception used in Kotlin.,1,1,1,1,0,1,0,0
2,0,0,0,0,0,0,0,0
The require function in Kotlin is used to enforce constraints.,1,1,1,1,1,1,0,1
3,0,0,0,0,0,0,0,0
"When a constraint in the require function evaluates to false, an IllegalArgumentException is thrown.",1,1,1,1,1,1,0,0
4. IllegalArgumentException is used to signal that a method has been passed an illegal or inappropriate argument.,1,1,1,0,1,1,1,1
5,0,0,0,0,0,0,0,0
"In the context of Kotlin, IllegalArgumentException is utilized within data class initializations to ensure certain conditions are met.",1,0,0,0,0,0,0,0
"Knowledge type: performance


Knowledge type: directive


Knowledge type: pattern
IllegalArgumentException in Kotlin is commonly associated with operations where a required context, such as an Activity or Fragment context, is absent or invalid.",1,1,1,1,1,1,0,0
"It is typically thrown when a method receives an argument that is inappropriate or illegal, suggesting that developers should ensure their fragments are properly attached to a context before performing context-dependent operations.",1,1,1,1,1,1,0,0
"Knowledge type: environment


Knowledge type: alternative
Alternatives to IllegalArgumentException in Kotlin include using the `require` function, which provides a more idiomatic way to apply constraints and results in an IllegalArgumentException if the condition is false.",1,1,1,1,1,0,0,0
